timestamp_utc,agent_id,task_id,phase,verdict,duration_sec,tokens_in,tokens_out,cost_usd,artifact,notes
2026-02-15T05:33:59Z,orchestrator_pm,T-002,intake,info,,,,,,CEO requested full repo audit per AGENT-RUN-PROTOCOL.md
2026-02-15T05:33:59Z,orchestrator_pm,T-002,execution,pass,,,,,,Read all 70+ files. Ran all 4 validation scripts. Multi-lens audit (arch/breaker/security/perf).
2026-02-15T05:33:59Z,qa,T-002,qa,pass,,,,,,QA gate: all structural checks pass. 7 false-fails in consistency script due to rg dependency (P1-1).
2026-02-15T05:33:59Z,specialist_auditor,T-002,specialist,pass,,,,,,Specialist gate: architecture coherent; registry cross-ref drift identified (P2-1/P2-3). 2 blind spots logged.
2026-02-15T05:33:59Z,orchestrator_pm,T-002,delivery,pass,,,,,reports/2026-02-15_full-repo-audit-r3.md,Report delivered. 0 P0; 2 P1; 3 P2; 2 P3. 7 action items logged in ops-tracker.md.
2026-02-15T05:46:25Z,platform_pm,T-003,execution,pass,,,,,,Replaced rg with grep in qa-scaffold-consistency.sh
2026-02-15T05:46:25Z,orchestrator_pm,T-004,execution,pass,,,,,,Populated models.yaml with Opus/Sonnet/Haiku defaults
2026-02-15T05:46:25Z,orchestrator_pm,T-005,execution,pass,,,,,,Added domain_pm/platform_pm/ops_pm to agents.yaml
2026-02-15T05:46:25Z,domain_pm,T-006,execution,pass,,,,,,Synced mcp-registry.yaml with Chrome DevTools + Playwright
2026-02-15T05:46:25Z,ops_pm,T-007,execution,pass,,,,,,Deduplicated signals-intake.md to pointer only
